{
    "Autofill Profile": [
        {
            "address_home_state_status": "VERIFICATION_STATUS_UNSPECIFIED",
            "address_home_country_status": "VERIFICATION_STATUS_UNSPECIFIED",
            "address_home_country": "GB",
            "name_honorific_status": ["VERIFICATION_STATUS_UNSPECIFIED"],
            "address_home_apt_num": "",
            "name_first_status": ["VERIFICATION_STATUS_UNSPECIFIED"],
            "address_home_thoroughfare_number": "",
            "address_home_zip_status": "VERIFICATION_STATUS_UNSPECIFIED",
            "name_middle_status": ["VERIFICATION_STATUS_UNSPECIFIED"],
            "address_home_zip": "CR0 7SL",
            "address_home_street_address": "Stoneleigh Park Avenue",
            "address_home_dependent_thoroughfare_name_status": "VERIFICATION_STATUS_UNSPECIFIED",
            "name_last_first": [""],
            "address_home_language_code": "",
            "address_home_city_status": "VERIFICATION_STATUS_UNSPECIFIED",
            "address_home_floor": "",
            "name_last_conjunction": [""],
            "name_last_first_status": ["VERIFICATION_STATUS_UNSPECIFIED"],
            "name_middle": [""],
            "company_name": "",
            "name_last_status": ["VERIFICATION_STATUS_UNSPECIFIED"],
            "guid": "55132c78-c05f-4cf0-a9e5-14bdf109128f",
            "address_home_dependent_thoroughfare_name": "",
            "address_home_dependent_locality_status": "VERIFICATION_STATUS_UNSPECIFIED",
            "address_home_apt_num_status": "VERIFICATION_STATUS_UNSPECIFIED",
            "address_home_city": "London",
            "name_full": [""],
            "name_full_status": ["VERIFICATION_STATUS_UNSPECIFIED"],
            "origin": "",
            "name_last_second_status": ["VERIFICATION_STATUS_UNSPECIFIED"],
            "address_home_subpremise_name_status": "VERIFICATION_STATUS_UNSPECIFIED",
            "name_last": [""],
            "use_count": 2,
            "address_home_thoroughfare_name": "",
            "address_home_thoroughfare_number_status": "VERIFICATION_STATUS_UNSPECIFIED",
            "address_home_premise_name_status": "VERIFICATION_STATUS_UNSPECIFIED",
            "name_last_second": [""],
            "address_home_premise_name": "",
            "address_home_line1": "Stoneleigh Park Avenue",
            "address_home_line2": "",
            "address_home_street_address_status": "VERIFICATION_STATUS_UNSPECIFIED",
            "name_first": [""],
            "address_home_sorting_code": "",
            "name_honorific": [""],
            "name_last_conjunction_status": ["VERIFICATION_STATUS_UNSPECIFIED"],
            "address_home_state": "",
            "address_home_dependent_locality": "",
            "address_home_sorting_code_status": "VERIFICATION_STATUS_UNSPECIFIED",
            "is_client_validity_states_updated": false,
            "address_home_subpremise_name": "",
            "email_address": [""],
            "validity_state_bitfield": 0,
            "address_home_thoroughfare_name_status": "VERIFICATION_STATUS_UNSPECIFIED",
            "address_home_floor_status": "VERIFICATION_STATUS_UNSPECIFIED",
            "phone_home_whole_number": [""],
            "use_date": 1618225861
},
        {
            "address_home_state_status": "VERIFICATION_STATUS_UNSPECIFIED",
            "address_home_country_status": "VERIFICATION_STATUS_UNSPECIFIED",
            "address_home_country": "GB",
            "name_honorific_status": ["VERIFICATION_STATUS_UNSPECIFIED"],
            "address_home_apt_num": "",
            "name_first_status": ["VERIFICATION_STATUS_UNSPECIFIED"],
            "address_home_thoroughfare_number": "",
            "address_home_zip_status": "VERIFICATION_STATUS_UNSPECIFIED",
            "name_middle_status": ["VERIFICATION_STATUS_UNSPECIFIED"],
            "address_home_zip": "N4 3LQ",
            "address_home_street_address": "Birnam Road",
            "address_home_dependent_thoroughfare_name_status": "VERIFICATION_STATUS_UNSPECIFIED",
            "name_last_first": [""],
            "address_home_language_code": "",
            "address_home_city_status": "VERIFICATION_STATUS_UNSPECIFIED",
            "address_home_floor": "",
            "name_last_conjunction": [""],
            "name_last_first_status": ["VERIFICATION_STATUS_UNSPECIFIED"],
            "name_middle": [""],
            "company_name": "",
            "name_last_status": ["VERIFICATION_STATUS_UNSPECIFIED"],
            "guid": "20e63027-3903-4553-94c7-3b719baffd41",
            "address_home_dependent_thoroughfare_name": "",
            "address_home_dependent_locality_status": "VERIFICATION_STATUS_UNSPECIFIED",
            "address_home_apt_num_status": "VERIFICATION_STATUS_UNSPECIFIED",
            "address_home_city": "London",
            "name_full": [""],
            "name_full_status": ["VERIFICATION_STATUS_UNSPECIFIED"],
            "origin": "",
            "name_last_second_status": ["VERIFICATION_STATUS_UNSPECIFIED"],
            "address_home_subpremise_name_status": "VERIFICATION_STATUS_UNSPECIFIED",
            "name_last": ["Addo"],
            "use_count": 1,
            "address_home_thoroughfare_name": "",
            "address_home_thoroughfare_number_status": "VERIFICATION_STATUS_UNSPECIFIED",
            "address_home_premise_name_status": "VERIFICATION_STATUS_UNSPECIFIED",
            "name_last_second": [""],
            "address_home_premise_name": "",
            "address_home_line1": "Birnam Road",
            "address_home_line2": "",
            "address_home_street_address_status": "VERIFICATION_STATUS_UNSPECIFIED",
            "name_first": ["Charles"],
            "address_home_sorting_code": "",
            "name_honorific": [""],
            "name_last_conjunction_status": ["VERIFICATION_STATUS_UNSPECIFIED"],
            "address_home_state": "",
            "address_home_dependent_locality": "",
            "address_home_sorting_code_status": "VERIFICATION_STATUS_UNSPECIFIED",
            "is_client_validity_states_updated": false,
            "address_home_subpremise_name": "",
            "email_address": ["cdampaddo@gmail.com"],
            "validity_state_bitfield": 0,
            "address_home_thoroughfare_name_status": "VERIFICATION_STATUS_UNSPECIFIED",
            "address_home_floor_status": "VERIFICATION_STATUS_UNSPECIFIED",
            "phone_home_whole_number": [""],
            "use_date": 1618218126
},
        {
            "address_home_state_status": "VERIFICATION_STATUS_UNSPECIFIED",
            "address_home_country_status": "VERIFICATION_STATUS_UNSPECIFIED",
            "address_home_country": "US",
            "name_honorific_status": ["VERIFICATION_STATUS_UNSPECIFIED"],
            "address_home_apt_num": "",
            "name_first_status": ["OBSERVED"],
            "address_home_thoroughfare_number": "",
            "address_home_zip_status": "VERIFICATION_STATUS_UNSPECIFIED",
            "name_middle_status": ["VERIFICATION_STATUS_UNSPECIFIED"],
            "address_home_zip": "07305-4851",
            "name_full_with_honorific_status": ["VERIFICATION_STATUS_UNSPECIFIED"],
            "address_home_street_address": "17 Butternut St",
            "name_full_with_honorific": [""],
            "address_home_dependent_thoroughfare_name_status": "VERIFICATION_STATUS_UNSPECIFIED",
            "name_last_first": [""],
            "address_home_language_code": "",
            "address_home_city_status": "VERIFICATION_STATUS_UNSPECIFIED",
            "address_home_floor": "",
            "name_last_conjunction": [""],
            "name_last_first_status": ["PARSED"],
            "name_middle": [""],
            "company_name": "",
            "name_last_status": ["OBSERVED"],
            "guid": "f7d96cb1-da8b-4d07-b722-812472245f64",
            "address_home_dependent_thoroughfare_name": "",
            "address_home_dependent_locality_status": "VERIFICATION_STATUS_UNSPECIFIED",
            "address_home_apt_num_status": "VERIFICATION_STATUS_UNSPECIFIED",
            "address_home_city": "Jersey City",
            "name_full": ["Charles Addo"],
            "name_full_status": ["FORMATTED"],
            "origin": "",
            "name_last_second_status": ["PARSED"],
            "address_home_subpremise_name_status": "VERIFICATION_STATUS_UNSPECIFIED",
            "name_last": ["Addo"],
            "use_count": 28,
            "address_home_thoroughfare_name": "",
            "address_home_thoroughfare_number_status": "VERIFICATION_STATUS_UNSPECIFIED",
            "address_home_premise_name_status": "VERIFICATION_STATUS_UNSPECIFIED",
            "name_last_second": ["Addo"],
            "address_home_premise_name": "",
            "address_home_line1": "17 Butternut St",
            "address_home_line2": "",
            "address_home_street_address_status": "VERIFICATION_STATUS_UNSPECIFIED",
            "name_first": ["Charles"],
            "address_home_sorting_code": "",
            "name_honorific": [""],
            "name_last_conjunction_status": ["PARSED"],
            "address_home_state": "New Jersey",
            "address_home_dependent_locality": "",
            "address_home_sorting_code_status": "VERIFICATION_STATUS_UNSPECIFIED",
            "is_client_validity_states_updated": false,
            "address_home_subpremise_name": "",
            "email_address": ["cdampaddo@gmail.com"],
            "validity_state_bitfield": 0,
            "address_home_thoroughfare_name_status": "VERIFICATION_STATUS_UNSPECIFIED",
            "address_home_floor_status": "VERIFICATION_STATUS_UNSPECIFIED",
            "phone_home_whole_number": [""],
            "use_date": 1626111386
}
    ]
}