{
    "Extensions": [
        {
            "incognito_enabled": false,
            "remote_install": false,
            "disable_reasons": 1,
            "update_url": "https://clients2.google.com/service/update2/crx",
            "name": "Search Extension by Ask (BETA)",
            "id": "lgfehfbnofiffladdncogfobimealokp",
            "version": "50.194.18.62140",
            "enabled": false
},
        {
            "incognito_enabled": false,
            "remote_install": false,
            "disable_reasons": 3,
            "update_url": "https://clients2.google.com/service/update2/crx",
            "name": "PDF Viewer \u0026 Converter by FromDocToPDF (BETA)",
            "id": "mallpejgeafdahhflmliiahjdpgbegpk",
            "version": "13.986.19.62847",
            "enabled": false
},
        {
            "incognito_enabled": false,
            "remote_install": false,
            "disable_reasons": 3,
            "update_url": "https://clients2.google.com/service/update2/crx",
            "name": "Norton Home Page for Chrome",
            "id": "ejbdobdndcjhdmljipngpeoekdinlohe",
            "version": "1.1.7",
            "enabled": false
},
        {
            "incognito_enabled": false,
            "remote_install": false,
            "disable_reasons": 3,
            "update_url": "https://clients2.google.com/service/update2/crx",
            "name": "SearchFormsOnline",
            "id": "bddikhbjcannknadmcmeikpeiabhfbgl",
            "version": "13.931.18.11594",
            "enabled": false
},
        {
            "incognito_enabled": false,
            "remote_install": false,
            "disable_reasons": 3,
            "update_url": "https://clients2.google.com/service/update2/crx",
            "name": "Norton Safe Search as default for Chrome",
            "id": "hbmobhkkblcgdifigjglcjneplefbkmh",
            "version": "2.0.29",
            "enabled": false
},
        {
            "incognito_enabled": false,
            "remote_install": false,
            "disable_reasons": 0,
            "update_url": "https://clients2.google.com/service/update2/crx",
            "name": "Norton Identity Safe",
            "id": "iikflkcanblccfahdhdonehdalibjnif",
            "version": "1.0.5",
            "enabled": true
},
        {
            "incognito_enabled": false,
            "remote_install": false,
            "disable_reasons": 3,
            "update_url": "https://clients2.google.com/service/update2/crx",
            "name": "Norton Safe Search as default for Chrome",
            "id": "nmgcfemagnogdodbambjhdcmfcpicngl",
            "version": "1.1.3",
            "enabled": false
},
        {
            "incognito_enabled": false,
            "remote_install": false,
            "disable_reasons": 3,
            "update_url": "https://clients2.google.com/service/update2/crx",
            "name": "Norton Home Page for Chrome",
            "id": "gfoabcdjalmeenbjjngidappmppchblc",
            "version": "1.0.0.23",
            "enabled": false
},
        {
            "incognito_enabled": false,
            "remote_install": false,
            "disable_reasons": 0,
            "update_url": "https://clients2.google.com/service/update2/crx",
            "name": "Norton Security Toolbar",
            "id": "cjabmdjcfcfdmffimndhafhblfmpjdpe",
            "version": "2017.12.0.5",
            "enabled": true
}
    ],
    "Extension Settings": []
}