{
    "Search Engines": [
        {
            "suggestions_url": "",
            "favicon_url": "http://ghana.usembassy.gov/favicon.ico",
            "safe_for_autoreplace": true,
            "date_created": 12984749098440752,
            "url": "http://search.state.gov/search?site\u003demb_afr_accra\u0026client\u003demb_en_accra\u0026output\u003dxml_no_dtd\u0026proxystylesheet\u003demb_en_accra\u0026ie\u003dutf8\u0026oe\u003dutf8\u0026lr\u003dlang_en\u0026filter\u003d0\u0026q\u003d{searchTerms}\u0026Submit.x\u003d10\u0026Submit.y\u003d9",
            "new_tab_url": "",
            "originating_url": "",
            "sync_guid": "CDA1B8E6-7534-4636-B2CF-03C38878C663",
            "short_name": "ghana.usembassy.gov",
            "keyword": "ghana.usembassy.gov",
            "input_encodings": "UTF-8",
            "prepopulate_id": 0,
            "last_modified": 12984749098440752
},
        {
            "suggestions_url": "",
            "favicon_url": "https://www.gcbbank.com.gh/templates/gcb2017/favicon.ico",
            "safe_for_autoreplace": true,
            "date_created": 13262294771030340,
            "url": "https://www.gcbbank.com.gh/index.php?option\u003dcom_search\u0026searchword\u003d{searchTerms}\u0026Itemid\u003d190",
            "new_tab_url": "",
            "originating_url": "https://www.gcbbank.com.gh/component/search/?id\u003d72\u0026Itemid\u003d101\u0026format\u003dopensearch",
            "sync_guid": "dfbf244f-ad68-42a0-8761-78d20385b882",
            "short_name": "GCB Bank Limited",
            "keyword": "gcbbank.com.gh",
            "input_encodings": "UTF-8",
            "prepopulate_id": 0,
            "last_modified": 13262294771030340
},
        {
            "suggestions_url": "",
            "favicon_url": "http://www.ug.edu.gh/favicon.ico",
            "safe_for_autoreplace": true,
            "date_created": 13023900557000000,
            "url": "http://www.ug.edu.gh/index1.php?SearchCriteria\u003d{searchTerms}\u0026x\u003d40\u0026y\u003d13\u0026submitted\u003dGo",
            "new_tab_url": "",
            "originating_url": "",
            "sync_guid": "CE150F6C-657F-4EDB-B186-07E5767619BE",
            "short_name": "ug.edu.gh",
            "keyword": "ug.edu.gh",
            "input_encodings": "UTF-8",
            "prepopulate_id": 0,
            "last_modified": 13023900557000000
},
        {
            "suggestions_url": "",
            "favicon_url": "",
            "safe_for_autoreplace": true,
            "date_created": 13201289035777009,
            "url": "https://www.gov.uk/search/all?keywords\u003d{searchTerms}",
            "new_tab_url": "",
            "originating_url": "https://www.gov.uk/search/opensearch.xml",
            "sync_guid": "9926bc13-9613-4040-907c-2b16a06e6663",
            "short_name": "GOV.UK",
            "keyword": "gov.uk",
            "input_encodings": "",
            "prepopulate_id": 0,
            "last_modified": 13201289035777010
},
        {
            "suggestions_url": "",
            "favicon_url": "https://www.pdfdrive.net/favicon.ico",
            "safe_for_autoreplace": true,
            "date_created": 13150823749000000,
            "url": "https://www.pdfdrive.net/search?q\u003d{searchTerms}\u0026pagecount\u003d\u0026sortby\u003d\u0026searchin\u003d\u0026r\u003d1",
            "new_tab_url": "",
            "originating_url": "",
            "sync_guid": "ca4c8ef0-5ce1-4403-bef2-7ae2d8fa346e",
            "short_name": "pdfdrive.net",
            "keyword": "pdfdrive.net",
            "input_encodings": "UTF-8",
            "prepopulate_id": 0,
            "last_modified": 13150823749000000
},
        {
            "suggestions_url": "",
            "favicon_url": "http://mercedes-benz.custhelp.com/euf/assets/images/icons/favicon_browserSearchPlugin.ico",
            "safe_for_autoreplace": true,
            "date_created": 13169060403128930,
            "url": "http://mercedes-benz.custhelp.com/app/answers/list/kw/{searchTerms}",
            "new_tab_url": "",
            "originating_url": "https://mercedes-benz.custhelp.com/ci/browserSearch/desc/http%3A%2F%2Fmercedes-benz.custhelp.com%2Fapp%2Fanswers%2Flist%2Fkw%2F%7BsearchTerms%7D/Support+Home+Page+Search/Support+Home+Page+Search/%2Feuf%2Fassets%2Fimages%2Ficons%2Ffavicon_browserSearchPlugin.ico",
            "sync_guid": "67c86126-e1cb-467c-ae28-f2ed3fea63b6",
            "short_name": "Support Home Page Search",
            "keyword": "mercedes-benz.custhelp.com",
            "input_encodings": "UTF-8",
            "prepopulate_id": 0,
            "last_modified": 13169060403128931
},
        {
            "suggestions_url": "https://www.bing.com/osjson.aspx?query\u003d{searchTerms}\u0026language\u003d{language}\u0026PC\u003dU316",
            "image_url_post_params": "imageBin\u003d{google:imageThumbnailBase64}",
            "favicon_url": "https://www.bing.com/sa/simg/bing_p_rr_teal_min.ico",
            "safe_for_autoreplace": true,
            "date_created": 0,
            "image_url": "https://www.bing.com/images/detail/search?iss\u003dsbiupload\u0026FORM\u003dCHROMI#enterInsights",
            "url": "https://www.bing.com/search?q\u003d{searchTerms}\u0026PC\u003dU316\u0026FORM\u003dCHROMN",
            "new_tab_url": "https://www.bing.com/chrome/newtab",
            "originating_url": "",
            "sync_guid": "39bcb6f1-9458-4442-be59-7f7014d596b8",
            "short_name": "Bing",
            "keyword": "bing.com",
            "input_encodings": "UTF-8",
            "prepopulate_id": 3,
            "last_modified": 13265501743933961
},
        {
            "suggestions_url": "{google:baseSuggestURL}search?{google:searchFieldtrialParameter}client\u003d{google:suggestClient}\u0026gs_ri\u003d{google:suggestRid}\u0026xssi\u003dt\u0026q\u003d{searchTerms}\u0026{google:inputType}{google:omniboxFocusType}{google:cursorPosition}{google:currentPageUrl}{google:pageClassification}{google:searchVersion}{google:sessionToken}{google:prefetchQuery}sugkey\u003d{google:suggestAPIKeyParameter}",
            "image_url_post_params": "encoded_image\u003d{google:imageThumbnail},image_url\u003d{google:imageURL},sbisrc\u003d{google:imageSearchSource},original_width\u003d{google:imageOriginalWidth},original_height\u003d{google:imageOriginalHeight}",
            "favicon_url": "https://www.google.com/favicon.ico",
            "safe_for_autoreplace": true,
            "date_created": 0,
            "image_url": "{google:baseSearchByImageURL}upload",
            "url": "{google:baseURL}search?q\u003d{searchTerms}\u0026{google:RLZ}{google:originalQueryForSuggestion}{google:assistedQueryStats}{google:searchFieldtrialParameter}{google:iOSSearchLanguage}{google:prefetchSource}{google:searchClient}{google:sourceId}{google:contextualSearchVersion}ie\u003d{inputEncoding}",
            "new_tab_url": "",
            "originating_url": "",
            "sync_guid": "8F2E841D-9FAC-4731-A5BB-1D2C4628BFF8",
            "short_name": "Google",
            "keyword": "google.com",
            "input_encodings": "UTF-8",
            "alternate_urls": [
                        "{google:baseURL}#q\u003d{searchTerms}",
                        "{google:baseURL}search#q\u003d{searchTerms}",
                        "{google:baseURL}webhp#q\u003d{searchTerms}",
                        "{google:baseURL}s#q\u003d{searchTerms}",
                        "{google:baseURL}s?q\u003d{searchTerms}"
            ],
            "prepopulate_id": 1,
            "last_modified": 13165577208303196
},
        {
            "suggestions_url": "",
            "favicon_url": "https://www.youtube.com/s/desktop/f73a46b5/img/favicon_32x32.png",
            "safe_for_autoreplace": true,
            "date_created": 13265503838363452,
            "url": "https://www.youtube.com/results?search_query\u003d{searchTerms}\u0026page\u003d{startPage?}\u0026utm_source\u003dopensearch",
            "new_tab_url": "",
            "originating_url": "https://www.youtube.com/opensearch?locale\u003den_GB",
            "sync_guid": "109a889f-e414-4c7a-aa69-130ae9fc4e8c",
            "short_name": "YouTube",
            "keyword": "youtube.com",
            "input_encodings": "",
            "prepopulate_id": 0,
            "last_modified": 13265503838363453
},
        {
            "suggestions_url": "",
            "favicon_url": "https://s.pinimg.com/webapp/favicon-54a5b2af.png",
            "safe_for_autoreplace": true,
            "date_created": 13213985740489733,
            "url": "http://www.pinterest.com/search/pins/?q\u003d{searchTerms}\u0026rs\u003ddirect_navigation",
            "new_tab_url": "",
            "originating_url": "https://www.pinterest.com/opensearch.xml",
            "sync_guid": "36a62a58-3128-4db7-8429-bf3c7629a4b5",
            "short_name": "Pinterest",
            "keyword": "pinterest.com",
            "input_encodings": "UTF-8",
            "prepopulate_id": 0,
            "last_modified": 13213985740489733
},
        {
            "suggestions_url": "https://search.yahoo.com/sugg/chrome?output\u003dfxjson\u0026appid\u003dcrmas\u0026command\u003d{searchTerms}",
            "favicon_url": "https://search.yahoo.com/favicon.ico",
            "safe_for_autoreplace": true,
            "date_created": 0,
            "url": "https://search.yahoo.com/search{google:pathWildcard}?ei\u003d{inputEncoding}\u0026fr\u003dcrmas\u0026p\u003d{searchTerms}",
            "new_tab_url": "",
            "originating_url": "",
            "sync_guid": "7ef6183f-0565-4305-9fe9-bc0f45a9a84c",
            "short_name": "Yahoo!",
            "keyword": "yahoo.com",
            "input_encodings": "UTF-8",
            "prepopulate_id": 2,
            "last_modified": 13265501743933965
},
        {
            "suggestions_url": "",
            "favicon_url": "https://www.cargurus.com/favicon.ico",
            "safe_for_autoreplace": true,
            "date_created": 13168713239734506,
            "url": "https://www.cargurus.com/Cars/inventorylisting/viewDetailsFilterViewInventoryListing.action?sourceContext\u003dcarGurusHomePage_false_0\u0026entitySelectingHelper.selectedEntity\u003dd936\u0026zip\u003d{searchTerms}",
            "new_tab_url": "",
            "originating_url": "",
            "sync_guid": "fdfba0e0-8b35-49df-875f-9d5ac29653bd",
            "short_name": "cargurus.com",
            "keyword": "cargurus.com",
            "input_encodings": "UTF-8",
            "prepopulate_id": 0,
            "last_modified": 13168713239734506
},
        {
            "suggestions_url": "http://en.softonic.com/suggestions/{searchTerms}",
            "favicon_url": "http://va1en.sftcdn.net/en/img/favicon.ico",
            "safe_for_autoreplace": true,
            "date_created": 13090612063442967,
            "url": "http://en.softonic.com/s/{searchTerms}",
            "new_tab_url": "",
            "originating_url": "http://en.softonic.com/opensearch.xml",
            "sync_guid": "BB484692-EEED-429C-9C16-EF72029077A9",
            "short_name": "Softonic EN",
            "keyword": "adobe-reader.en.softonic.com",
            "input_encodings": "UTF-8",
            "prepopulate_id": 0,
            "last_modified": 13090612063442967
},
        {
            "suggestions_url": "",
            "favicon_url": "",
            "safe_for_autoreplace": true,
            "date_created": 13028914588846250,
            "url": "http://search.dell.com/results.aspx?k\u003d{searchTerms}\u0026~ck\u003dosrchbr",
            "new_tab_url": "",
            "originating_url": "http://i.dell.com/images/global/search/opensearchusen.xml",
            "sync_guid": "CF7BCBDA-A671-497B-AC80-47EF0CF69D98",
            "short_name": "Dell.com",
            "keyword": "accessories.us.dell.com",
            "input_encodings": "",
            "prepopulate_id": 0,
            "last_modified": 13028914588846250
},
        {
            "suggestions_url": "",
            "favicon_url": "http://www.zapmeta.ws/favicon.ico",
            "safe_for_autoreplace": true,
            "date_created": 13131553729000000,
            "url": "http://www.zapmeta.ws/?vid\u003dl19725113366I1487080091\u0026sess\u003da3a3a303a3a313\u0026pp\u003d8\u0026bkw\u003dn\u0026template\u003d\u0026asid\u003dws_gc3_10\u0026awc\u003dzmws\u0026de\u003dc\u0026nwc\u003d\u0026suggest\u003d1\u0026q\u003d{searchTerms}",
            "new_tab_url": "",
            "originating_url": "",
            "sync_guid": "c0c34f58-8a75-42c2-9c76-245a4207886c",
            "short_name": "zapmeta.ws",
            "keyword": "zapmeta.ws",
            "input_encodings": "UTF-8",
            "prepopulate_id": 0,
            "last_modified": 13131553729000000
},
        {
            "suggestions_url": "",
            "favicon_url": "https://dashcamviewer.com/favicon.ico",
            "safe_for_autoreplace": true,
            "date_created": 13129240315000000,
            "url": "https://dashcamviewer.com/?s\u003d{searchTerms}",
            "new_tab_url": "",
            "originating_url": "https://dashcamviewer.com/osd.xml",
            "sync_guid": "22cd2dfb-1786-4da6-b64f-d105216adc29",
            "short_name": "Dashcam Viewer",
            "keyword": "dashcamviewer.com",
            "input_encodings": "UTF-8",
            "prepopulate_id": 0,
            "last_modified": 13129240315000000
},
        {
            "suggestions_url": "",
            "favicon_url": "https://www.amazon.co.uk/favicon.ico",
            "safe_for_autoreplace": true,
            "date_created": 13247929671637003,
            "url": "https://www.amazon.co.uk/s/ref\u003dnb_sb_ss_i_4_14?url\u003dsearch-alias%3Daps\u0026field-keywords\u003d{searchTerms}\u0026sprefix\u003dblack+seed+oil%2Caps%2C352\u0026crid\u003d261F65BZJCMXB",
            "new_tab_url": "",
            "originating_url": "",
            "sync_guid": "9cc75f75-69fe-4064-b75a-81b48d28a6bc",
            "short_name": "amazon.co.uk",
            "keyword": "amazon.co.uk",
            "input_encodings": "UTF-8",
            "prepopulate_id": 0,
            "last_modified": 13247929671637004
},
        {
            "suggestions_url": "",
            "favicon_url": "https://www.lights.co.uk/skin/frontend/lw/default/favicon.ico",
            "safe_for_autoreplace": true,
            "date_created": 13265899762434139,
            "url": "https://www.lights.co.uk/catalogsearch/result/?q\u003d{searchTerms}",
            "new_tab_url": "",
            "originating_url": "",
            "sync_guid": "520076af-797a-47bc-bd48-471e4ff3bb44",
            "short_name": "lights.co.uk",
            "keyword": "lights.co.uk",
            "input_encodings": "UTF-8",
            "prepopulate_id": 0,
            "last_modified": 13265899762434139
},
        {
            "suggestions_url": "",
            "favicon_url": "http://www.ashesi.edu.gh/templates/t3ashesi/favicon.ico",
            "safe_for_autoreplace": true,
            "date_created": 13099514983000000,
            "url": "http://www.ashesi.edu.gh/index.php?option\u003dcom_search\u0026searchword\u003d{searchTerms}\u0026Itemid\u003d636",
            "new_tab_url": "",
            "originating_url": "http://www.ashesi.edu.gh/component/search/?Itemid\u003d206\u0026format\u003dopensearch",
            "sync_guid": "0608B06A-25CF-479A-A5E0-18A8928B07D8",
            "short_name": "Ashesi University College",
            "keyword": "ashesi.edu.gh",
            "input_encodings": "UTF-8",
            "prepopulate_id": 0,
            "last_modified": 13099514983000000
},
        {
            "suggestions_url": "",
            "favicon_url": "http://cdn-files.deezer.com/img/common/favicon.ico",
            "safe_for_autoreplace": true,
            "date_created": 13157051332000000,
            "url": "http://www.deezer.com/search/{searchTerms}?source\u003domni",
            "new_tab_url": "",
            "originating_url": "https://e-cdns-files.dzcdn.net/xml/opensearch.xml",
            "sync_guid": "08cbe645-ccf1-4323-b04b-3777ed8ac353",
            "short_name": "Deezer",
            "keyword": "deezer.com",
            "input_encodings": "UTF-8",
            "prepopulate_id": 0,
            "last_modified": 13157051332000000
},
        {
            "suggestions_url": "",
            "favicon_url": "http://www.dhl.com/favicon.ico",
            "safe_for_autoreplace": true,
            "date_created": 13134742371000000,
            "url": "http://www.dhl.com/content/g0/en/search.shtml?q\u003d{searchTerms}\u0026without\u003ddropdown\u0026cqpages\u003don\u0026category\u003d%2Fcontent%2Fg0%2Fen",
            "new_tab_url": "",
            "originating_url": "",
            "sync_guid": "064bda58-9ae0-407a-95f8-7075f5ae8d19",
            "short_name": "dhl.com",
            "keyword": "dhl.com",
            "input_encodings": "UTF-8",
            "prepopulate_id": 0,
            "last_modified": 13134742371000000
}
    ]
}