{
    "Apps": [
        {
            "app_launch_ordinal": "t",
            "extension": {
                        "incognito_enabled": true,
                        "remote_install": false,
                        "disable_reasons": 0,
                        "update_url": "",
                        "name": "Web Store",
                        "id": "ahfgeienlihckogmohjhadlkjgocpleb",
                        "version": "0.2",
                        "enabled": true
            },
            "page_ordinal": "n"
}
    ],
    "App Settings": [],
    "Preferences": [
        {
            "name": "toolbar_icon_surfacing_bubble_acknowledged",
            "value": "true"
},
        {
            "name": "profile.content_settings.exceptions.images",
            "value": "{}"
},
        {
            "name": "intl.accept_languages",
            "value": "\"en-US,en\""
},
        {
            "name": "profile.content_settings.exceptions.flash_data",
            "value": "{}"
},
        {
            "name": "custom_links.initialized",
            "value": "true"
},
        {
            "name": "translate_whitelists",
            "value": "{\"fr\":\"en\"}"
},
        {
            "name": "browser.clear_data.time_period",
            "value": "4"
},
        {
            "name": "profile.content_settings.exceptions.popups",
            "value": "{\"https://apply.business.hsbc.co.uk:443,*\":{\"last_modified\":\"0\",\"setting\":1},\"https://ibank.myumbbank.com:443,*\":{\"last_modified\":\"13191514498459476\",\"setting\":1},\"https://www.umbibank.com:443,*\":{\"setting\":1}}"
},
        {
            "name": "net.easter_egg_high_score",
            "value": "1903"
},
        {
            "name": "translate_site_blacklist",
            "value": "[]"
},
        {
            "name": "autofill.last_version_deduped",
            "value": "55"
},
        {
            "name": "profile.content_settings.exceptions.font_access",
            "value": "{}"
},
        {
            "name": "translate_ignored_count_for_language",
            "value": "{\"ca\":1,\"es\":1,\"fr\":0,\"nl\":2,\"pt\":3,\"tr\":0}"
},
        {
            "name": "profile.name",
            "value": "\"Person 1\""
},
        {
            "name": "custom_links.list",
            "value": "[{\"isMostVisited\":false,\"title\":\"Ecount ERP\",\"url\":\"https://login.ecounterp.com/ECERP/LOGIN/ERPLogin?lan_type\u003den-US\"},{\"isMostVisited\":false,\"title\":\"Outlook Mail\",\"url\":\"https://outlook.live.com/mail/inbox\"},{\"isMostVisited\":false,\"title\":\"Banking\",\"url\":\"https://1statlanticonline.com/netteller-WAR/Login.xhtml\"},{\"isMostVisited\":false,\"title\":\"BOA Ghana\",\"url\":\"https://www.boaghana.com/\"},{\"isMostVisited\":false,\"title\":\"Continue\",\"url\":\"http://www.hotmail.com/\"},{\"isMostVisited\":false,\"title\":\"ibank.ubagroup.com\",\"url\":\"https://ibank.ubagroup.com/eng/AuthenticationController?__START_TRAN_FLAG__\u003dY\u0026FORMSGROUP_ID__\u003dAuthenticationFG\u0026__EVENT_ID__\u003dLOAD\u0026FG_BUTTONS__\u003dLOAD\u0026ACTION.LOAD\u003dY\u0026AuthenticationFG.LOGIN_FLAG\u003d1\u0026BANK_ID\u003dGH\u0026LANGUAGE_ID\u003d001\"},{\"isMostVisited\":false,\"title\":\"Ecobank\",\"url\":\"https://www.ecobank.com/gh/personal-banking/countries\"},{\"isMostVisited\":false,\"title\":\"aol.com\",\"url\":\"https://www.aol.com/\"}]"
},
        {
            "name": "profile.content_settings.exceptions.cookies",
            "value": "{}"
},
        {
            "name": "ntp.app_page_names",
            "value": "[\"Apps\"]"
},
        {
            "name": "translate_recent_target",
            "value": "\"en\""
},
        {
            "name": "profile.avatar_index",
            "value": "26"
},
        {
            "name": "translate_blocked_languages",
            "value": "[\"en\"]"
},
        {
            "name": "translate_site_blacklist_with_time",
            "value": "{}"
},
        {
            "name": "browser.clear_data.passwords",
            "value": "true"
},
        {
            "name": "sync.demographics_birth_year_offset",
            "value": "2"
},
        {
            "name": "browser.clear_data.hosted_apps_data",
            "value": "true"
},
        {
            "name": "extensions.pinned_extensions",
            "value": "[\"bbjllphbppobebmjpjcijfbakobcheof\"]"
},
        {
            "name": "default_search_provider.synced_guid",
            "value": "\"8F2E841D-9FAC-4731-A5BB-1D2C4628BFF8\""
},
        {
            "name": "translate_accepted_count",
            "value": "{\"es\":0,\"fr\":4,\"tr\":3}"
},
        {
            "name": "browser.clear_data.form_data",
            "value": "true"
},
        {
            "name": "intl.selected_languages",
            "value": "\"en-US,en\""
},
        {
            "name": "profile.content_settings.exceptions.javascript",
            "value": "{}"
},
        {
            "name": "sharing.vapid_key",
            "value": "{\"vapid_creation_timestamp\":\"13216415770995826\",\"vapid_private_key\":\"MIGHAgEAMBMGByqGSM49AgEGCCqGSM49AwEHBG0wawIBAQQgmArOXI26PGmDLgnc7Py4zP6Lsz06gEjxa3bnD9K+g4qhRANCAARzLdLI36VrkMM7+Kiv44+/rE6m0I56oivKZW0D6jNeLpBd55xIuz9K6otWzY2kpMKB+ItZB2ODbYSnxUSLjm8b\"}"
},
        {
            "name": "extensions.commands",
            "value": "{\"windows:Alt+R\":{\"command_name\":\"_execute_page_action\",\"extension\":\"bbjllphbppobebmjpjcijfbakobcheof\",\"global\":false}}"
},
        {
            "name": "bookmark_bar.show_on_all_tabs",
            "value": "true"
},
        {
            "name": "extensions.toolbar",
            "value": "[\"bbjllphbppobebmjpjcijfbakobcheof\",\"iikflkcanblccfahdhdonehdalibjnif\",\"mallpejgeafdahhflmliiahjdpgbegpk\",\"bddikhbjcannknadmcmeikpeiabhfbgl\",\"bmkckgpgekmanipelfidlhmkfcjicion\",\"nmgcfemagnogdodbambjhdcmfcpicngl\",\"hbmobhkkblcgdifigjglcjneplefbkmh\",\"gfoabcdjalmeenbjjngidappmppchblc\",\"efaidnbmnnnibpcajpcglclefindmkaj\",\"lgfehfbnofiffladdncogfobimealokp\",\"cjabmdjcfcfdmffimndhafhblfmpjdpe\"]"
},
        {
            "name": "homepage",
            "value": "\"http://www.google.com/\""
},
        {
            "name": "profile.content_settings.exceptions.storage_access",
            "value": "{}"
},
        {
            "name": "translate_denied_count_for_language",
            "value": "{\"es\":1,\"fr\":0,\"tr\":0}"
},
        {
            "name": "homepage_is_newtabpage",
            "value": "false"
},
        {
            "name": "profile.content_settings.exceptions.automatic_downloads",
            "value": "{\"https://ebanking.bweb-portal.com:443,*\":{\"setting\":1},\"https://mail.google.com:443,*\":{\"setting\":1},\"https://www.adbquicnet.com:443,*\":{\"last_modified\":\"13226496334883870\",\"setting\":1}}"
},
        {
            "name": "profile.content_settings.exceptions.window_placement",
            "value": "{}"
},
        {
            "name": "sharing.synced_devices",
            "value": "{\"YvWCa08cVp0e9mjCABVdIA\u003d\u003d\":{\"device_auth_secret\":\"gid7yyWipKslYLgaTJ/FzQ\u003d\u003d\",\"device_capabilities\":2,\"device_fcm_token\":\"erWwApW_xRs:APA91bEXtqcvicZvfxKI0LZQiQ6hozifNeQDWLcFVvtXluLwPfqBxlR-gC1oAPbdIcmQTCcX1tYcpozzPa_LOfo6FaKqswS38njkk6met4ccGDlNxOaGBW7iF-HRDrbxqRKSfqHExYb-\",\"device_p256dh\":\"BJjSbNbbRn0m+vBiLygUshNNJiMmCoffC2+QjPiVwhIq7A58YKQrCgf3R8fuefDCfjy1elF0Vc3vk48Y1jWLg4c\u003d\"},\"hOWGtzWCcorEltQa5Ud1DA\u003d\u003d\":{\"device_auth_secret\":\"nqWN4prvz06Vir/Qw+Oa/w\u003d\u003d\",\"device_capabilities\":2,\"device_fcm_token\":\"eX4BZP4bBxM:APA91bGegvIY_SQjS9UJ368Au3srD8ckF5Q7TBlhE4pbeGWIye2yW81h5YWUqCsmRr4UclzR9WYaVlkNdzvulrL9_L_7lomzdEIw7ENBJ3CICMCt9JGKsJzs5vPtx4eA4TpyWxxNJQcb\",\"device_p256dh\":\"BJlBdwwCMDKTEHSigKUhy2NlfSrX/wWT/oX7Ompxfxiybw/0jPHyy5gUTPEk5c+ZYQLCiF0Lhc1LGEJAXC1PSkA\u003d\"},\"oq0UDQHFMIqh4xQhLvJDNQ\u003d\u003d\":{\"device_auth_secret\":\"ozuiia9FCQsgluSBRHk38g\u003d\u003d\",\"device_capabilities\":2,\"device_fcm_token\":\"deRotgV6kPc:APA91bGKO4_ju4R_cYHWdtXUI_sEylmgQODDKFA3VLWSi1L-W2xDhGkun9ifgJ6z_mBaarDfZCiCAU2ifTYreGsxeh6sCrHygNUMvmUH2sY2Jh2rI18x1F1VFmQcDiZ4Y1VZB7BJ2J0j\",\"device_p256dh\":\"BPulthOECryhuLj3ixyPA6PKODiQw1NZDQ6jjnzEwolQ0HXlEaFO8zBOTevwDSZEIK+Bxhvur9VmHd3+BIjQHrQ\u003d\"}}"
},
        {
            "name": "autofill.last_version_disused_addresses_deleted",
            "value": "70"
}
    ],
    "Themes": [
        {
            "use_system_theme_by_default": false,
            "use_custom_theme": false
}
    ]
}