<?xml version="1.0" encoding="UTF-8" ?>
<XMLDB PATH="question/type/ordering/db" VERSION="2007021402" COMMENT="XMLDB file for Moodle question/type/ordering">
  <TABLES>
    <TABLE NAME="qtype_ordering_options" COMMENT="Options for ordering questions">
      <FIELDS>
        <FIELD NAME="id" TYPE="int" LENGTH="10" NOTNULL="true" SEQUENCE="true"/>
        <FIELD NAME="questionid" TYPE="int" LENGTH="10" NOTNULL="true" DEFAULT="0" SEQUENCE="false"/>
        <FIELD NAME="layouttype" TYPE="int" LENGTH="2" NOTNULL="true" DEFAULT="0" SEQUENCE="false"/>
        <FIELD NAME="selecttype" TYPE="int" LENGTH="2" NOTNULL="true" DEFAULT="0" SEQUENCE="false"/>
        <FIELD NAME="selectcount" TYPE="int" LENGTH="4" NOTNULL="true" DEFAULT="0" SEQUENCE="false"/>
        <FIELD NAME="gradingtype" TYPE="int" LENGTH="2" NOTNULL="true" DEFAULT="0" SEQUENCE="false"/>
        <FIELD NAME="showgrading" TYPE="int" LENGTH="2" NOTNULL="true" DEFAULT="0" SEQUENCE="false"/>
        <FIELD NAME="numberingstyle" TYPE="char" LENGTH="10" NOTNULL="true" DEFAULT="none" SEQUENCE="false" COMMENT="Indicates whether and how choices should be numbered."/>
        <FIELD NAME="correctfeedback" TYPE="text" NOTNULL="false" SEQUENCE="false"/>
        <FIELD NAME="correctfeedbackformat" TYPE="int" LENGTH="2" NOTNULL="true" DEFAULT="0" SEQUENCE="false"/>
        <FIELD NAME="incorrectfeedback" TYPE="text" NOTNULL="false" SEQUENCE="false"/>
        <FIELD NAME="incorrectfeedbackformat" TYPE="int" LENGTH="2" NOTNULL="true" DEFAULT="0" SEQUENCE="false"/>
        <FIELD NAME="partiallycorrectfeedback" TYPE="text" NOTNULL="false" SEQUENCE="false"/>
        <FIELD NAME="partiallycorrectfeedbackformat" TYPE="int" LENGTH="2" NOTNULL="true" DEFAULT="0" SEQUENCE="false"/>
      </FIELDS>
      <KEYS>
        <KEY NAME="primary" TYPE="primary" FIELDS="id" COMMENT="Primary key for question_ordering"/>
        <KEY NAME="question" TYPE="foreign-unique" FIELDS="questionid" REFTABLE="question" REFFIELDS="id"/>
      </KEYS>
    </TABLE>
  </TABLES>
</XMLDB>
