﻿<?xml version="1.0" encoding="UTF-8"?>
<settings imageWidth="590" imageHeight="300" showTime="8" tweenTime="2"/>
<items>
	<item imgURL="images1/imagen01.jpg" linkURL="#" />	
	<item imgURL="images1/imagen02.jpg" linkURL="#" />	
	<item imgURL="images1/imagen03.jpg" linkURL="#" />	
	<!-- <item imgURL="images1/imagen04.jpg" linkURL="#" />	
	<item imgURL="images1/imagen05.jpg" linkURL="#" />	-->
	<item imgURL="images1/imagen06.jpg" linkURL="#" />	
	<item imgURL="images1/imagen07.jpg" linkURL="#" />	
</items>