{"ips":{},"blacklisted_ip_ranges":["73.6.239.145","162.216.19.183","46.4.29.151","66.102","158.106.67","38.100","107.170","149.20","38.105","74.125","66.150.14","54.176","38.100","184.173","66.249","128.242","72.14.192","208.65.144","74.125","209.85.128","216.239.32","74.125","207.126.144","173.194","64.233.160","72.14.192","66.102","64.18","194.52.68","194.72.238","62.116.207","212.50.193","69.65","50.7","131.212","46.116 ","62.90","89.138","82.166","85.64","85.250","89.138","93.172","109.186","194.90","212.29.192","212.29.224","212.143","212.150","212.235","217.132","50.97","217.132","209.85","66.205.64","204.14.48","64.27.2","67.15","202.108.252","193.47.80","64.62.136","66.221","64.62.175","198.54","192.115.134","216.252.167","193.253.199","69.61.12","64.37.103","38.144.36","64.124.14","206.28.72","209.73.228","158.108","168.188","66.207.120","167.24","192.118.48","67.209.128","12.148.209","12.148.196","193.220.178","68.65.53.71","198.25","64.106.213"],"blacklisted_user_agent_strings":["msnbot","yahoo! slurp","yahooseeker","googlebot","bingbot","crawler","pycurl","facebookexternalhit","python","wget"],"blacklisted_isp_strings":["above","barracuda","google","softlayer","amazonaws","cyveillance","phishtank","dreamhost","netpilot","calyxinstitute","tor-exit","paypal","phish","sitecheck","tor.","interpol","cybercitizenship","cybercrime","drweb","kaspersky","bitdefender","zvelo","zcloudsec","yandex","facebook","hotmail","wepawet","websense","vxvault","tekdefense","malc0de","minotauranalysis","sacour","scoop","tencent","spyeyetracker","abuse","scumware","sophos","securebrain","quttera","hosts","amada","palevotracker","blogger","netcraft","yahoo","malekal","k7computing","gdata","gdatasoftware","fortinet","emsisoft","opera","infospyware","xs4.kso.co.uk","whizbang.com","yahoo.com","abuse.","crawler","ibm.com","alexa.com","cloud.","zeustracker.abuse.ch","virustotal.com","adminus.net","aegislab.com","alienvault.com","antiy.net","avast.com","team-cymru.org","eset.com","fireeye.com","microsoft.com","kernelmode.info","wilderssecurity.com","googleusercontent.com","scaleway.com","eset-la.com","security","urlquery.net","anubis.iseclab.org","reclassify.url.trendmicro.com","dragonjar.org","vpro.su","cclub.su","blacklist","malware","matthewfl.com","garyshood.com","virscan.org","community.norton.com","avira.","bitdefender.","c-sirt.org","clean-mx.de","crdfglobal.org","comodo.com","fbi.gov","adware","webinspector","inspector","atlas.arbor.net","attack","attackpage","blackip","aw-snap","dynamoo","scansafe","sucuri","unmask","unmaskparasites","parasites","mcafee","paretologic","botnet","bot","microsoft","digitalocean","cloud","steal","police","fbi","broadanalysis","analysis","cerber","citadel","clean-mx","safebrowsing","cryptowall","csirt","blocker","ctblocker","cybercrime-tracker","tracker","crime","hunter","malwarehunter","dwm.cc","evuln.com","vulnerab","freepcsecurity","gumblar","hancitor","honeywhales","honeypot","hosts-file.net","criticalstack","critical","isc.sans.edu","isc.sans.org",".sans.","ispy","jaff","jsunpack.jeek.org","unpack","chuo-u.ac.jp","killmalware","kill","snort.org","snort","labs.","sucuri.net","locky","mailer","malicious","malvertising","traffic","domainlist","domainslist","paretologic.com","mswl.org.cn","mwsl.org.cn","openphis","openphish.com","arbornetworks.com","phishing","proofpoint","pykspa","quttera.com","ransomware","ware","ransom","redirect","research.zscaler","riskanalyics","safeweb","norton.","scam","servebbs","comodo.","spamhaus","spam","stealer","malvertis","stop","stopmalvertising.com","support.clean-mx.de","suspicious","techhelplist.com","teslacrypt","tracker.h3x.eu","tvandsportstreams.com","twitter.com","virustotal","virus","vault","siri-urz.net","websecurityguard","guard","mwis.ru","mywot.com","nictasoft.com","phishtank.com","scanw.com","tracksecurity","trustedsource.org","urlvoid","webroot","zeustracker","zeus","zloader","isitphishing.org","malwaredomainlist.com","tor-exit.","blogs.eset-la.com","welivesecurity.com","securitybydefault.","malwarebytes.","interpol.","cybercitizenship.org","cybercrime-tracker.net","drweb.","kaspersky.","malwares.com","wepawet.iseclab.org","websense.com","vxvault.siri-urz.net","tekdefense.com","malc0de.com","malwareblacklist.com","minotauranalysis.com","sacour.cn","scoop.it","tencent.com","spyeyetracker.abuse.ch","abuse.ch","scumware.org","sophos.com","securebrain.co.jp","amada.abuse.ch","palevotracker.abuse.ch","blogger.com","netcraft.com","amazonaws.com","malwared.ru","malware.com.br","malekal.com","k7computing.com","gdata.com","gdatasoftware.com","fortinet.com","emsisoft.com","opera.com","infospyware.com","kaspersky.com","dclient.hispeed.ch","crawl8-public.alexa.com","crawl","wfp2.almaden.ibm.com","crawler918.com","zeus.nj.nec.com","panchma.tivra.com","tracerlock.com","pixnat06.whizbang.com","pixnat09.whizbang.com"],"blacklisted_links":[]}